sample-id,barcode-sequence,newt-id,Date,Location,Pond,Mass,SVL_cm,Tail_cm,Sex,life_stage,swabbed,disease_signs,notes,bd_ge,Bd_inetnsity,rv_ge,rv_intensity,Infection_type
1_SN187_515rcbc00,AGCCTTCGTCGC,187,2/19/2020,OSBS,AQ,2.65,3.73,NA,F,PA,YES,NO,NA,102.26,20451.33,0,0,Bd
2_SN192_515rcbc12,CGTATAAATGCG,192,2/19/2020,OSBS,AQ,2.75,3.81,NA,F,PA,YES,NO,NA,0,0,9.13,1825.65,Rv
3_SN193_515rcbc24,TGACTAATGGCC,193,2/19/2020,OSBS,AQ,2.25,3.62,NA,M,PA,YES,YES,"Good_male,_nice_tail,_red_bumps_on_tail",0,0,5.71,1141.31,Rv
4_SN198_515rcbc36,GTGGAGTCTCAT,198,2/19/2020,OSBS,AQ,1.55,3.2,NA,M,MA,YES,NO,Good_legs_for_mating,159.75,31950.11,18.59,3717.87,Coinfected
5_SN210_515rcbc48,TGATGTGCTAAG,210,2/19/2020,OSBS,AQ,1.2,3.03,NA,M,MA,YES,NO,cutie,430.42,86083.96,6,1200.56,Coinfected
6_SN211_515rcbc60,TGTGCACGCCAT,211,2/19/2020,OSBS,AQ,1.7,3.5,NA,M,MA,YES,NO,Reddish_beauty,3164.02,632803.08,0,0,Bd
7_SN212_515rcbc72,GGTGAGCAAGCA,212,2/19/2020,OSBS,AQ,2.2,3.83,NA,F,PA,YES,NO,NA,0,0,0,0,None
8_SN213_515rcbc84,CTATGTATTAGT,213,2/19/2020,OSBS,AQ,2,3.58,NA,M,PA,YES,NO,NA,0,0,0,0,None
9_SN214_515rcbc01,TCCATACCGGAA,214,2/19/2020,OSBS,AQ,2.55,3.8,NA,F,PA,YES,NO,NA,0,0,0,0,None
10_SN215_515rcbc13,ATGCTGCAACAC,215,2/19/2020,OSBS,AQ,2.05,3.7,NA,F,PA,YES,NO,NA,4.92,983.25,5.92,1183.26,Coinfected
11_SN363_515rcbc25,CGGGACACCCGA,363,3/17/2020,OSBS,AQ,2.2,3.39,NA,F,PA,YES,NO,NA,0,0,0,0,None
12_SN364_515rcbc37,ACCTTACACCTT,364,3/17/2020,OSBS,AQ,1.65,3.49,NA,M,PA,YES,NO,NA,0,0,26.654104,5330.82,Rv
13_SN365_515rcbc49,GTAGTAGACCAT,365,3/17/2020,OSBS,AQ,2.55,3.78,NA,F,PA,YES,NO,NA,0,0,0,0,None
14_SN369_515rcbc61,CCGGACAAGAAG,369,3/17/2020,OSBS,AQ,2,3.54,NA,F,PA,YES,YES,Ranavirus?_Dorsal_injury_and_lesions,0.02,3.81,1692.42,338484,Coinfected
15_SN895_515rcbc73,TAAATATACCCT,895,2/25/2021,OSBS,AQ,1.35,2.92,3.1,M,A,YES,NO,NA,0,0,0,0,None
16_SN896_515rcbc85,ACTCCCGTGTGA,896,2/25/2021,OSBS,AQ,1.3,2.88,3.11,M,A,YES,NO,NA,0,0,0,0,None
17_SN897_515rcbc02,AGCCCTGCTACA,897,2/25/2021,OSBS,AQ,2.7,3.85,4.24,F,PA,YES,NO,NA,0,0,0,0,None
18_SN898_515rcbc14,ACTCGCTCGCTG,898,2/25/2021,OSBS,AQ,1.25,2.82,3.31,M,A,YES,NO,NA,0,0,0,0,None
19_SN899_515rcbc26,CTGTCTATACTA,899,2/25/2021,OSBS,AQ,1.4,3,3.42,M,A,YES,NO,NA,18.19,3638.63,0,0,Bd
20_SN903_515rcbc38,TAATCTCGCCGG,903,2/25/2021,OSBS,AQ,1.35,2.81,3.34,M,A,YES,NO,NA,27.21,5442.52,0,0,Bd
21_SN907_515rcbc50,AGTAAAGATCGT,907,2/25/2021,OSBS,AQ,1.4,3.19,3.48,M,A,YES,YES,"Erythema,_ventral,_hemmhorages_",0,0,4.42,884.43,Rv
22_SN908_515rcbc62,TTGCTGGACGCT,908,2/25/2021,OSBS,AQ,1.45,3.14,3.54,F,A,YES,NO,NA,26.5,5300.54,0,0,Bd
23_SN911_515rcbc74,TTGCGGACCCTA,911,2/25/2021,OSBS,AQ,1.65,3.22,3.74,F,A,YES,NO,NA,14.93,2985.41,0,0,Bd
24_SN942_515rcbc86,CGGTATAGCAAT,942,3/7/2021,OSBS,OSP,2.15,3.68,4.08,F,MA,YES,YES,NA,0,0,943606.94,188721388,Rv
25_SN943_515rcbc03,CCTAACGGTCCA,943,3/7/2021,OSBS,OSP,1.75,3.31,4.42,M,A,YES,YES,"jaw_necrosis,_ventral_facial_lesions,_fungal_hyphae,_shedding",0,0,4353.04,870607.2,Rv
26_SN944_515rcbc15,TTCCTTAGTAGT,944,3/7/2021,OSBS,OSP,1.5,2.96,2.95,M,A,YES,YES,erythema,0,0,16141.91,3228382.4,Rv
27_SN957_515rcbc27,TATGCCAGAGAT,957,3/7/2021,OSBS,OSP,1.7,3.27,4.22,M,MA,YES,YES,"Ventral_lesions,_necrosis_of_the_lower_jaw,_facial_fungus",0,0,588548.7,117709740,Rv
28_SN988_515rcbc39,ATCTAGTGGCAA,988,3/27/2021,OSBS,AQ,1.6,3.44,3.91,F,A,YES,NO,NA,28.4,5680,7.89,1578.81,Coinfected
29_SN989_515rcbc51,CTCGCCCTCGCC,989,3/27/2021,OSBS,AQ,2.1,3.52,4.11,F,A,YES,NO,NA,0,0,0,0,None
30_SN990_515rcbc63,TACTAACGCGGT,990,3/27/2021,OSBS,AQ,1.6,3.13,2.52,M,A,YES,NO,NA,44.85,8969.05,0,0,Bd
31_SN992_515rcbc75,GTCGTCCAAATG,992,3/27/2021,OSBS,AQ,1.45,2.77,3.25,M,A,YES,NO,NA,8.02,1604.96,0,0,Bd
32_SN993_515rcbc87,GACTCTGCTCAG,993,3/27/2021,OSBS,AQ,1.5,3.34,3.58,F,A,YES,YES,NA,0,0,0,0,None
33_SN994_515rcbc04,CGCGCCTTAAAC,994,3/27/2021,OSBS,AQ,1.5,3.42,3.97,M,A,YES,NO,NA,136.17,27233.65,0,0,Bd
34_SN995_515rcbc16,CGTCCGTATGAA,995,3/27/2021,OSBS,AQ,1.5,2.96,3.73,M,A,YES,YES,Sloughing,534.77,106954.55,0.59,117.31,Coinfected
35_SN1014_515rcbc28,CGTTTGGAATGA,1014,4/7/2021,OSBS,OSP,1.45,2.99,3.18,F,MA,YES,Yes,"Erythema,_ventral,_hemmhorages_",0,0,2166.24,433248.98,Rv
36_SN1015_515rcbc40,ACGCTTAACGAC,1015,4/7/2021,OSBS,OSP,1.2,3,3.13,F,A,YES,Yes,"Erythema,_ventral,_hemmhorages_",0,0,2645988.5,529197700,Rv
37_SN1051_515rcbc52,TCTCTTTCGACA,1051,4/8/2021,OSBS,OSP,NA,NA,NA,NA,A,YES,YES,"Erythema,_ventral,_hemmhorages_",0,0,39278.66,7855731.2,Rv
38_SN1052_515rcbc64,GCGATCACACCT,1052,4/8/2021,OSBS,OSP,1.65,3.17,3.22,F,A,YES,NO,tail_broken,0,0,0,0,None
39_SN1060_515rcbc76,TGCACAGTCGCT,1060,5/6/2021,OSBS,AQ,1,2.2,2.7,UKW,L,NA,NO,NA,0,0,0,0,None
40_SN1061_515rcbc88,GTCATGCTCCAG,1061,5/6/2021,OSBS,AQ,1.2,2.4,2.75,UKW,L,NA,NO,NA,0,0,0,0,None
41_SN1062_515rcbc05,TATGGTACCCAG,1062,5/6/2021,OSBS,AQ,1.2,2.4,2.8,UKW,L,NA,NO,NA,0,0,0,0,None
42_SN1066_515rcbc17,ACGTGAGGAACG,1066,5/6/2021,OSBS,AQ,0.9,2.1,2.4,UKW,L,NA,NO,NA,0,0,0,0,None
43_SNZymo_std1_515rcbc29,AAGAACTCATGA,SNZymo_std1,NA,NA,NA,NA,NA,NA,NA,NA,NA,NA,NA,NA,NA,NA,NA,NA
44_SNZymo_std2_515rcbc41,TACGGATTATGG,SNZymo_std2,NA,NA,NA,NA,NA,NA,NA,NA,NA,NA,NA,NA,NA,NA,NA,NA
45_SNNA1_515rcbc53,ACATACTGAGCA,SNNA1,NA,NA,NA,NA,NA,NA,NA,NA,NA,NA,NA,NA,NA,NA,NA,NA
46_SNNA2_515rcbc65,CAAACGCACTAA,SNNA2,NA,NA,NA,NA,NA,NA,NA,NA,NA,NA,NA,NA,NA,NA,NA,NA
47_SNNA3_515rcbc77,TTACTGTGGCCG,SNNA3,NA,NA,NA,NA,NA,NA,NA,NA,NA,NA,NA,NA,NA,NA,NA,NA
48_SNNA4_515rcbc89,TACCGAAGGTAT,SNNA4,NA,NA,NA,NA,NA,NA,NA,NA,NA,NA,NA,NA,NA,NA,NA,NA
